Установка входной двери;https://tula.leroymerlin.ru/uslugi/ustanovka-vhodnoy-dveri/
Установка межкомнатной одностворчатой двери;https://tula.leroymerlin.ru/uslugi/ustanovka-mezhkomnatnoy-odnostvorchatoy-dveri/
Установка межкомнатной двери-гармошки;https://tula.leroymerlin.ru/uslugi/ustanovka-mezhkomnatnoy-dveri-garmoshki/
Установка межкомнатной одностворчатой двери с фурнитурой;https://tula.leroymerlin.ru/uslugi/ustanovka-mezhkomnatnoy-odnostvorchatoy-dveri-s-furnituroy/
Установка двери с покрытием из эмали;https://tula.leroymerlin.ru/uslugi/ustanovka-dveri-s-pokrytiem-iz-emali/
Установка двери скрытого монтажа;https://tula.leroymerlin.ru/uslugi/ustanovka-dveri-skrytogo-montazha/
Установка козырька над входной дверью;https://tula.leroymerlin.ru/uslugi/ustanovka-kozyrka-nad-vhodnoy-dveryu/
Установка напольного унитаза;https://tula.leroymerlin.ru/uslugi/ustanovka-napolnogo-unitaza/
Установка ванны;https://tula.leroymerlin.ru/uslugi/ustanovka-vanny/
Установка раковины;https://tula.leroymerlin.ru/uslugi/ustanovka-rakoviny/
Установка душевой кабины;https://tula.leroymerlin.ru/uslugi/ustanovka-dushevoy-kabiny/
Установка мебели и аксессуаров для ванной комнаты;https://tula.leroymerlin.ru/uslugi/ustanovka-mebeli-i-aksessuarov-dlya-vannoy-komnaty/
Установка смесителей и душевого оборудования;https://tula.leroymerlin.ru/uslugi/ustanovka-smesitelya-gigienicheskogo-dusha/
Установка душевой двери и панели;https://tula.leroymerlin.ru/uslugi/ustanovka-dushevoy-dveri/
Установка биде;https://tula.leroymerlin.ru/uslugi/ustanovka-bide/
Установка писсуара;https://tula.leroymerlin.ru/uslugi/ustanovka-pissuara/
Установка подвесного унитаза и рамы инсталляции;https://tula.leroymerlin.ru/uslugi/ustanovka-podvesnogo-unitaza-i-ramy-installyacii/
Установка душевого оборудования;https://tula.leroymerlin.ru/uslugi/ustanovka-dushevogo-oborudovaniya/
Установка душевого уголка;https://tula.leroymerlin.ru/uslugi/ustanovka-dushevoy-shirmy-i-ugolka/
Установка душевого поддона;https://tula.leroymerlin.ru/uslugi/ustanovka-dushevogo-poddona/
Установка ширмы для ванны;https://tula.leroymerlin.ru/uslugi/ustanovka-shirmy-dlya-vanny/
Укладка керамической плитки;https://tula.leroymerlin.ru/uslugi/ukladka-keramicheskoy-plitki/
Укладка керамогранита;https://tula.leroymerlin.ru/uslugi/ukladka-keramogranita/
Укладка клинкерной плитки;https://tula.leroymerlin.ru/uslugi/ukladka-klinkernoy-plitki/
Укладка мозаики;https://tula.leroymerlin.ru/uslugi/ukladka-mozaiki/
Укладка крупноформатного керамогранита;https://tula.leroymerlin.ru/uslugi/ukladka-krupnoformatnogo-keramogranita/
Сборка и установка стеллажа Буккер;https://tula.leroymerlin.ru/uslugi/sborka-i-ustanovka-stellazha-bukker/
Установка корпусной мебели;https://tula.leroymerlin.ru/uslugi/ustanovka-korpusnoy-mebeli/
Установка распашного шкафа;https://tula.leroymerlin.ru/uslugi/ustanovka-raspashnogo-shkafa/
Монтаж сетчатой гардеробной системы;https://tula.leroymerlin.ru/uslugi/montazh-setchatoy-garderobnoy-sistemy/
Установка двери-купе;https://tula.leroymerlin.ru/uslugi/ustanovka-dveri-kupe/
Установка шкафа-купе;https://tula.leroymerlin.ru/uslugi/ustanovka-shkafa-kupe/
Сборка и установка стеллажа Куб;https://tula.leroymerlin.ru/uslugi/sborka-i-ustanovka-stellazha-kub/
Сборка и установка комода;https://tula.leroymerlin.ru/uslugi/sborka-i-ustanovka-komoda/
Сборка и установка металлического стеллажа;https://tula.leroymerlin.ru/uslugi/sborka-i-ustanovka-metallicheskogo-stellazha/
Сборка и установка модульной кухни;https://tula.leroymerlin.ru/uslugi/sborka-i-ustanovka-modulnoy-kuhni/
Укладка ламината;https://tula.leroymerlin.ru/uslugi/ukladka-laminata/
Укладка ковролина на клей;https://tula.leroymerlin.ru/uslugi/ukladka-kovrolina-na-kley/
Укладка паркета;https://tula.leroymerlin.ru/uslugi/ukladka-parketa/
Укладка плитки ПВХ;https://tula.leroymerlin.ru/uslugi/ukladka-plitki-pvh/
Укладка линолеума на клей;https://tula.leroymerlin.ru/uslugi/ukladka-linoleuma-na-kley/
Укладка пробкового пола;https://tula.leroymerlin.ru/uslugi/ukladka-probkovogo-pola/
Укладка инженерной доски на клей;https://tula.leroymerlin.ru/uslugi/ukladka-inzhenernoy-doski-na-kley/
Укладка массивной доски на клей;https://tula.leroymerlin.ru/uslugi/ukladka-massivnoy-doski-na-kley/
Установка плинтуса;https://tula.leroymerlin.ru/uslugi/ustanovka-plintusa/
Установка сплит-системы 12 kBTU одноэтапный монтаж;https://tula.leroymerlin.ru/uslugi/ustanovka-split-sistemy-12-kbtu-odnoetapnyy-montazh/
Установка сплит-системы 7-9 kBTU одноэтапный монтаж;https://tula.leroymerlin.ru/uslugi/ustanovka-split-sistemy-7-9-kbtu-odnoetapnyy-montazh/
Установка сплит-системы 7-9 kBTU двухэтапный монтаж;https://tula.leroymerlin.ru/uslugi/ustanovka-split-sistemy-7-9-kbtu-dvuhetapnyy-montazh/
Установка сплит-системы 18 kBTU одноэтапный монтаж;https://tula.leroymerlin.ru/uslugi/ustanovka-split-sistemy-18-kbtu-odnoetapnyy-montazh/
Установка сплит-системы 18 kBTU двухэтапный монтаж;https://tula.leroymerlin.ru/uslugi/ustanovka-split-sistemy-18-kbtu-dvuhetapnyy-montazh/
Установка сплит-системы 12 kBTU двухэтапный монтаж;https://tula.leroymerlin.ru/uslugi/ustanovka-split-sistemy-12-kbtu-dvuhetapnyy-montazh/
Установка сплит-системы 24 kBTU одноэтапный монтаж;https://tula.leroymerlin.ru/uslugi/ustanovka-split-sistemy-24-kbtu-odnoetapnyy-montazh/
Установка сплит-системы 24 kBTU двухэтапный монтаж;https://tula.leroymerlin.ru/uslugi/ustanovka-split-sistemy-24-kbtu-dvuhetapnyy-montazh/
Установка рекуператора;https://tula.leroymerlin.ru/uslugi/ustanovka-rekuperatora/
Монтаж радиатора на резьбу;https://tula.leroymerlin.ru/uslugi/montazh-radiatora-na-rezbu/
Монтаж радиатора на полипропилен;https://tula.leroymerlin.ru/uslugi/montazh-radiatora-na-polipropilen/
Монтаж радиатора на готовые коммуникации;https://tula.leroymerlin.ru/uslugi/montazh-radiatora-na-gotovye-kommunikacii/
Установка и подключение варочных панелей;https://tula.leroymerlin.ru/uslugi/ustanovka-varochnoy-poverhnosti/
Установка и подключение вытяжек;https://tula.leroymerlin.ru/uslugi/ustanovka-vytyazhki/
Установка и подключение духовых шкафов;https://tula.leroymerlin.ru/uslugi/ustanovka-duhovogo-shkafa/
Установка и подключение измельчителей отходов;https://tula.leroymerlin.ru/uslugi/ustanovka-izmelchitelya-pishchevyh-othodov/
Установка и подключение посудомоечных машин;https://tula.leroymerlin.ru/uslugi/ustanovka-posudomoechnoy-mashiny/
Установка и подключение встроенной микроволной печи;https://tula.leroymerlin.ru/uslugi/ustanovka-mikrovolnovoy-pechi/
Установка и подключение встраиваемых стиральных машин;https://tula.leroymerlin.ru/uslugi/ustanovka-vstraivaemoy-stiralnoy-mashiny/
Установка и подключение встраиваемых холодильников;https://tula.leroymerlin.ru/uslugi/ustanovka-vstraivaemogo-holodilnika/
Монтаж кассетного потолка;https://tula.leroymerlin.ru/uslugi/montazh-kassetnogo-potolka/
Монтаж реечного потолка;https://tula.leroymerlin.ru/uslugi/montazh-reechnogo-potolka/
Монтаж шумоизоляционных плит на потолок;https://tula.leroymerlin.ru/uslugi/montazh-shumoizolyacionnyh-plit-na-potolok/
Установка потолка грильято;https://tula.leroymerlin.ru/uslugi/ustanovka-potolka-grilyato/
Монтаж балконной двери;https://tula.leroymerlin.ru/uslugi/montazh-balkonnoy-dveri/
Монтаж алюминиевой раздвижной системы;https://tula.leroymerlin.ru/uslugi/montazh-alyuminievoy-razdvizhnoy-sistemy/
Монтаж окна;https://tula.leroymerlin.ru/uslugi/montazh-okna/
Сборка готовой винтовой лестницы;https://tula.leroymerlin.ru/uslugi/sborka-gotovoy-vintovoy-lestnicy/
Сборка готовой модульной лестницы;https://tula.leroymerlin.ru/uslugi/sborka-gotovoy-modulnoy-lestnicy/
Установка деревянной лестницы;https://tula.leroymerlin.ru/uslugi/ustanovka-derevyannoy-lestnicy/
Установка чердачной лестницы;https://tula.leroymerlin.ru/uslugi/ustanovka-cherdachnoy-lestnicy/
Установка ограждений из нержавеющей стали;https://tula.leroymerlin.ru/uslugi/ustanovka-ograzhdeniy-iz-nerzhaveyushchey-stali/
Установка винтовой металлической лестницы;https://tula.leroymerlin.ru/uslugi/ustanovka-vintovoy-metallicheskoy-lestnicy/
Установка металлического каркаса лестницы;https://tula.leroymerlin.ru/uslugi/ustanovka-metallicheskogo-karkasa-lestnicy/
Установка панелей ПВХ/МДФ;https://tula.leroymerlin.ru/uslugi/ustanovka-paneley-pvh-mdf/
Установка плитки ПВХ;https://tula.leroymerlin.ru/uslugi/ustanovka-plitki-pvh/
Установка листовых ПВХ панелей;https://tula.leroymerlin.ru/uslugi/ustanovka-listovyh-pvh-paneley/
Установка виниловых ПВХ панелей;https://tula.leroymerlin.ru/uslugi/ustanovka-vinilovyh-pvh-paneley/
Установка стеновых панелей ЛХДФ;https://tula.leroymerlin.ru/uslugi/ustanovka-stenovyh-paneley-lhdf/
Установка проточного фильтра;https://tula.leroymerlin.ru/uslugi/ustanovka-protochnogo-filtra/
Установка видеодомофона, звонка;https://tula.leroymerlin.ru/uslugi/ustanovka-videodomofona-zvonka/
Установка электрического обогрева;https://tula.leroymerlin.ru/uslugi/ustanovka-elektricheskogo-obogreva/
Установка TV, телефона, интернет оборудования;https://tula.leroymerlin.ru/uslugi/ustanovka-tv-telefona-internet-oborudovaniya/
Обработка дерева антисептиком;https://tula.leroymerlin.ru/uslugi/obrabotka-dereva-antiseptikom/
Обработка дерева лаком;https://tula.leroymerlin.ru/uslugi/obrabotka-dereva-lakom/
Обработка дерева маслом или воском;https://tula.leroymerlin.ru/uslugi/obrabotka-dereva-maslom-ili-voskom/
Обработка дерева огнебиозащитой;https://tula.leroymerlin.ru/uslugi/obrabotka-dereva-ognebiozashchitoy/
Обработка дерева отбеливателем;https://tula.leroymerlin.ru/uslugi/obrabotka-dereva-otbelivatelem/
Отделка вагонкой;https://tula.leroymerlin.ru/uslugi/otdelka-vagonkoy/
Отделка блок хаусом;https://tula.leroymerlin.ru/uslugi/otdelka-blok-hausom/
Отделка имитацией бруса;https://tula.leroymerlin.ru/uslugi/otdelka-imitaciey-brusa/
Отделка планкеном;https://tula.leroymerlin.ru/uslugi/otdelka-plankenom/
Отделка 3D панелями;https://tula.leroymerlin.ru/uslugi/otdelka-3d-panelyami/
Отделка декоративным бруском;https://tula.leroymerlin.ru/uslugi/otdelka-dekorativnym-bruskom/
Поклейка декоративных обоев;https://tula.leroymerlin.ru/uslugi/pokleyka-dekorativnyh-oboev/
Поклейка фотообоев;https://tula.leroymerlin.ru/uslugi/pokleyka-fotooboev/
Поклейка обоев под покраску;https://tula.leroymerlin.ru/uslugi/pokleyka-oboev-pod-pokrasku/
Покраска стен и обоев;https://tula.leroymerlin.ru/uslugi/pokraska-sten-i-oboev/
Покраска потолка;https://tula.leroymerlin.ru/uslugi/pokraska-potolka/
Покраска пола;https://tula.leroymerlin.ru/uslugi/pokraska-pola/
Покраска радиатора;https://tula.leroymerlin.ru/uslugi/pokraska-radiatora/
Нанесение декоративной штукатурки;https://tula.leroymerlin.ru/uslugi/nanesenie-dekorativnoy-shtukaturki/
Нанесение декоративной краски;https://tula.leroymerlin.ru/uslugi/nanesenie-dekorativnoy-kraski/
Сборка круглого бассейна;https://tula.leroymerlin.ru/uslugi/sborka-kruglogo-basseyna/
Сборка прямоугольного бассейна;https://tula.leroymerlin.ru/uslugi/sborka-pryamougolnogo-basseyna/
Сборка качели;https://tula.leroymerlin.ru/uslugi/sborka-kacheli/
Сборка павильона;https://tula.leroymerlin.ru/uslugi/sborka-pavilona/
Сборка гамака;https://tula.leroymerlin.ru/uslugi/sborka-gamaka/
Сборка и установка детского игрового комплекса;https://tula.leroymerlin.ru/uslugi/sborka-i-ustanovka-detskogo-igrovogo-kompleksa/
Сборка подвесного кресла;https://tula.leroymerlin.ru/uslugi/sborka-podvesnogo-kresla/
Установка батута;https://tula.leroymerlin.ru/uslugi/ustanovka-batuta/
Сборка хозблока;https://tula.leroymerlin.ru/uslugi/sborka-hozbloka/
Сборка набора садовой мебели;https://tula.leroymerlin.ru/uslugi/sborka-nabora-sadovoy-mebeli/
Сборка садового стола;https://tula.leroymerlin.ru/uslugi/sborka-sadovogo-stola/
Установка садовой скамьи;https://tula.leroymerlin.ru/uslugi/ustanovka-sadovoy-skami/
Установка мангала, барбекю;https://tula.leroymerlin.ru/uslugi/ustanovka-mangala-barbekyu/
Установка зонта;https://tula.leroymerlin.ru/uslugi/ustanovka-zonta/
Установка теплицы;https://tula.leroymerlin.ru/uslugi/ustanovka-teplicy/
Установка парника;https://tula.leroymerlin.ru/uslugi/ustanovka-parnika/
Установка полотенцесушителя;https://tula.leroymerlin.ru/uslugi/ustanovka-polotencesushitelya/
Установка столбов для заборов;https://tula.leroymerlin.ru/uslugi/ustanovka-stolbov-dlya-zaborov/
Установка ворот и калиток;https://tula.leroymerlin.ru/uslugi/ustanovka-vorot-i-kalitok/
Заполнение пролетов забора;https://tula.leroymerlin.ru/uslugi/zapolnenie-proletov-zabora/
Установка автоматических ворот;https://tula.leroymerlin.ru/uslugi/ustanovka-avtomaticheskih-vorot/
Установка винтовых свай;https://tula.leroymerlin.ru/uslugi/ustanovka-vintovyh-svay/
Установка ленточного фундамента для забора;https://tula.leroymerlin.ru/uslugi/ustanovka-lentochnogo-fundamenta-dlya-zabora/
Демонтаж забора;https://tula.leroymerlin.ru/uslugi/demontazh-zabora/
Установка карниза;https://tula.leroymerlin.ru/uslugi/ustanovka-karniza/
Установка жалюзи;https://tula.leroymerlin.ru/uslugi/ustanovka-zhalyuzi/
Установка рулонной шторы;https://tula.leroymerlin.ru/uslugi/ustanovka-rulonnoy-shtory/
Установка римской шторы;https://tula.leroymerlin.ru/uslugi/ustanovka-rimskoy-shtory/
Установка шторы плиссе;https://tula.leroymerlin.ru/uslugi/ustanovka-shtory-plisse/
Установка газового котла;https://tula.leroymerlin.ru/uslugi/ustanovka-gazovogo-kotla/
Установка электрического котла;https://tula.leroymerlin.ru/uslugi/ustanovka-elektricheskogo-kotla/
Установка твердотопливного котла;https://tula.leroymerlin.ru/uslugi/ustanovka-tverdotoplivnogo-kotla/
Установка газовой колонки;https://tula.leroymerlin.ru/uslugi/ustanovka-gazovoy-kolonki/
Установка люстры в сборке;https://tula.leroymerlin.ru/uslugi/ustanovka-lyustry-v-sborke/
Установка светодиодной люстры, светильника;https://tula.leroymerlin.ru/uslugi/ustanovka-svetodiodnoy-lyustry-svetilnika/
Установка светодиодной ленты;https://tula.leroymerlin.ru/uslugi/ustanovka-svetodiodnoy-lenty/
Установка точечного светильника;https://tula.leroymerlin.ru/uslugi/ustanovka-tochechnogo-svetilnika/
Установка трекового освещения;https://tula.leroymerlin.ru/uslugi/ustanovka-trekovogo-osveshcheniya/
Установка бра;https://tula.leroymerlin.ru/uslugi/ustanovka-bra/
Установка поворотного спота;https://tula.leroymerlin.ru/uslugi/ustanovka-povorotnogo-spota/
Сборка и установка хрустальной люстры;https://tula.leroymerlin.ru/uslugi/sborka-i-ustanovka-hrustalnoy-lyustry/
Установка люстры с рожками;https://tula.leroymerlin.ru/uslugi/ustanovka-lyustry-s-rozhkami/
Установка настенно-потолочного светильника;https://tula.leroymerlin.ru/uslugi/ustanovka-nastenno-potolochnogo-svetilnika/
Посадка растений;https://tula.leroymerlin.ru/uslugi/posadka-rasteniy/
Устройство газона;https://tula.leroymerlin.ru/uslugi/ustroystvo-gazona/
Покраска деревянного фасада;https://tula.leroymerlin.ru/uslugi/pokraska-derevyannogo-fasada/
Покраска бетонного фасада;https://tula.leroymerlin.ru/uslugi/pokraska-betonnogo-fasada/
Покраска каменного фасада;https://tula.leroymerlin.ru/uslugi/pokraska-kamennogo-fasada/
Покраска кирпичного фасада;https://tula.leroymerlin.ru/uslugi/pokraska-kirpichnogo-fasada/
Покраска оштукатуренного фасада;https://tula.leroymerlin.ru/uslugi/pokraska-oshtukaturennogo-fasada/
Демонтаж в квартире;https://tula.leroymerlin.ru/uslugi/demontazh-v-kvartire/
Установка алюминиевой перегородки;https://tula.leroymerlin.ru/uslugi/ustanovka-alyuminievoy-peregorodki/
Установка МДФ рейки;https://tula.leroymerlin.ru/uslugi/ustanovka-mdf-reyki/
